{"_wandb":{"runtime":715},"_runtime":715,"_step":4,"epoch":4,"loss":0.1272380767912012,"_timestamp":1.775107202287189e+09}