{"_timestamp":1.7751632373462179e+09,"_step":9,"epoch":9,"loss":0.04226991554599145,"learning_rate":1e-06,"_wandb":{"runtime":1505},"_runtime":1505,"grad_norm":0.1953591590623432}