{"_runtime":313,"epoch":1,"loss":0.3214205898055998,"_timestamp":1.775105011330136e+09,"_step":1,"_wandb":{"runtime":313}}