{"_runtime":2119,"_timestamp":1.775117521388087e+09,"_step":11,"epoch":11,"loss":0.028383211012089578,"learning_rate":8.658394705735986e-05,"grad_norm":0.21193768059884038,"_wandb":{"runtime":2119}}