{"grad_norm":0.1510942488859156,"_timestamp":1.775121510005716e+09,"_step":9,"_wandb":{"runtime":1483},"_runtime":1483,"epoch":9,"loss":0.043397726028614546,"learning_rate":1e-06}